threads,tasks,average [s],deviation
1,1,0.8981510708,1.0413440320328091
1,10,0.6423361375,0.7179123264229541
1,480000,1.2266308290999999,1.020677051883456
8,8,0.6082863959,0.8175167201075717
8,80,0.4011998251,0.6652014918777307
8,480000,0.9947267082000001,0.9286710083822627
16,16,0.44562309580000004,0.7048022305429866
16,32,0.4700426415,0.7465456141196574
16,480000,1.009307046,0.991710955906701
